[
  {
    "name": "Build current project with Grunt",
    "dir": "$PROJECT_ROOT",
    "cmd": "grunt",
    "shortcut": "Ctrl-Alt-B"
  },
  {
    "name": "Update source from git",
    "dir": "$PROJECT_ROOT",
    "cmd": "git pull",
    "shortcut": "Ctrl-Shift-G"
  },
  {
    "name": "List all top level files in the project directory",
    "dir": "$PROJECT_ROOT",
    "cmd": "ls",
    "shortcut": "Ctrl-Shift-L"
  },
  {
    "name": "Display contents of the currently selected file",
    "dir": "$SELECTED_ITEM_DIR",
    "cmd": "cat $SELECTED_ITEM",
    "shortcut": "Ctrl-Alt-C"
  }
]